index,first,second
1,0,0
2,0,0
3,0.666667,1
4,2.33333,3
5,5,6
6,9,10
7,13,14.6667
